asin,title,category,amazon_price,opportunity_score,estimated_monthly_sales,num_sellers,supplier_cost,shipping_cost,supplier_name,supplier_url,moq,lead_time_days,notes
B0BF5W643L,KEPLIN Guitar Stand - Universal A Frame Black – Foldable Portable Floor Stand fo,Musical Instruments & DJ,9.99,81.6,4545,2,,,,https://www.alibaba.com; https://www.globalsources.com,,,
B0BS8LCKF6,Vin beauty 3 Pcs 11.8x11.8inch Soft Microfiber Cleaning Cloth Musical Instruts I,Musical Instruments & DJ,4.98,81.4,120,1,,,,https://www.alibaba.com; https://www.globalsources.com,,,
B0DFCWK2C7,"Havendi Clip-On Tuner I Guitar, Bass, Violin & Ukulele Tuner I Precise Tuning wi",Musical Instruments & DJ,12.90,81.0,229,1,,,,https://www.alibaba.com; https://www.globalsources.com,,,
B0F8PLPTJ3,"Muso Pro® Clip-On Chromatic Guitar Tuner – 5 Free Picks, Digital LCD Display for",Musical Instruments & DJ,6.99,80.8,1694,1,,,,https://www.alibaba.com; https://www.globalsources.com,,,
B0BKWNQZZH,Hidersine 3VS Series Premium Violin Rosin. Slim Pack for easy transport and stor,Musical Instruments & DJ,8.29,80.6,877,2,,,,https://www.alibaba.com; https://www.globalsources.com,,,
B08T9795HG,"Fansjoy Violin Rosin 2 Pack, Natural Rosin with Case, Light Low Dust Rosin for V",Musical Instruments & DJ,9.99,80.3,135,1,,,,https://www.alibaba.com; https://www.globalsources.com,,,
B004OSG7LK,Hidersine 12V Violin Rosin. Small Size. Handmade in the UK since 1890. Approx 10,Musical Instruments & DJ,7.95,79.6,884,1,,,,https://www.alibaba.com; https://www.globalsources.com,,,
B0DSVP3LT1,"Guitar Pick Case, Guitar Picks Holder Amp Speaker Guitar Pick Box | Guitar Pick ",Musical Instruments & DJ,6.35,79.6,386,3,,,,https://www.alibaba.com; https://www.globalsources.com,,,
B0FMR7TN8D,"3Pcs Violin Rosin,Natural Rosin for Violin Viola and Cello,Light and Low Dust Ro",Musical Instruments & DJ,4.99,79.6,89,1,,,,https://www.alibaba.com; https://www.globalsources.com,,,
B000RXYVQO,Hidersine 6V Deluxe Violin Rosin. Dark. Large size. Handmade in the UK. 30g rosi,Musical Instruments & DJ,9.95,79.5,877,1,,,,https://www.alibaba.com; https://www.globalsources.com,,,
B0F17LB992,"Guitar Cleaning Kit: Gloss Wax,Fret Polish,Fingerboard Lemon Oil,String Cleaner ",Musical Instruments & DJ,10.32,79.1,141,2,,,,https://www.alibaba.com; https://www.globalsources.com,,,
B09BCCWNSM,"Quick Change Capo for 6-String Acoustic & Electric Guitars, Classical Guitar & U",Musical Instruments & DJ,4.80,78.2,6666,1,,,,https://www.alibaba.com; https://www.globalsources.com,,,
B0BYJCK368,"4Pcs Violin Strings,Size 4/4 and 3/4 String Universal Full Set (G D A E) Violin,",Musical Instruments & DJ,4.68,75.9,77,1,,,,https://www.alibaba.com; https://www.globalsources.com,,,
B09NHRW8BL,2Pcs Glass Slide and Stainless Steel Slide Guitar Finger Slide Bottleneck Slides,Musical Instruments & DJ,6.29,75.7,373,1,,,,https://www.alibaba.com; https://www.globalsources.com,,,
B0FSS9WWDT,"Violin Rosin - Natural Resin for Violin, Viola, and Cello Bows - Light Low Dust ",Musical Instruments & DJ,4.85,74.9,65,1,,,,https://www.alibaba.com; https://www.globalsources.com,,,
B003XDLT2E,Adagio Pro Mandolin String Set - Phosphor Bronze Wound (Standard Light.010 - .03,Musical Instruments & DJ,5.98,73.6,69,1,,,,https://www.alibaba.com; https://www.globalsources.com,,,
B07GDNQQQL,"PPpanda Guitar Picks 24 pcs, Guitar Plectrums for Your Electric, Acoustic, or Ba",Musical Instruments & DJ,4.80,73.5,11111,1,,,,https://www.alibaba.com; https://www.globalsources.com,,,
B014I0DFO0,Elagon UK (SCF) Pro Care Kit Accessories - String Cleaner & String Lubricant Sti,Musical Instruments & DJ,5.99,72.8,96,2,,,,https://www.alibaba.com; https://www.globalsources.com,,,
B002A14CXI,"Hidersine Hidersol Varnish Cleaner and Polish for Violin, Viola, Cello and Doubl",Musical Instruments & DJ,5.80,72.5,63,2,,,,https://www.alibaba.com; https://www.globalsources.com,,,
B0CJ591KWN,"SULIVES Guitar Tuner Clip On - Digital Tuners for Acoustic Guitar, Electronic Gu",,5.99,72.3,58,1,,,,https://www.alibaba.com; https://www.globalsources.com,,,
B097BTFK6D,Rosin Natural for Violin Cello Viola Rosin Light Low Dust for Bows String Music ,Musical Instruments & DJ,4.80,71.4,55,1,,,,https://www.alibaba.com; https://www.globalsources.com,,,
B0FWRKSQR4,"3pcs Violin Rosin,Natural Violin Rosin,Light Low Dust Ro/sin for Vio/lin Viola C",Musical Instruments & DJ,4.72,69.4,52,1,,,,https://www.alibaba.com; https://www.globalsources.com,,,
B088PQGSKB,"72 PCS Guitar Accessories Kit, FOVERN1 Guitar Tools Set Including Guitar Picks, ",Musical Instruments & DJ,8.64,69.1,46,1,,,,https://www.alibaba.com; https://www.globalsources.com,,,
B09SFYSW66,"31 Pcs Guitar Maintenance Tool Kit, POGOLAB Guitar Repairing Tool Kit with Carry",Musical Instruments & DJ,9.84,68.4,36,1,,,,https://www.alibaba.com; https://www.globalsources.com,,,
B0G5PXVJBN,72Pcs Guitar Maintenance Kit with Winder: Lifegogo Guitar Tool Kit with Carry Ba,Musical Instruments & DJ,10.32,68.1,26,1,,,,https://www.alibaba.com; https://www.globalsources.com,,,
B07DG3D3G1,"Vangoa 5 String Banjo Remo Head Closed Solid Back with beginner Kit, Tuner, Stra",Musical Instruments & DJ,45.56,67.5,29,1,,,,https://www.alibaba.com; https://www.globalsources.com,,,
B000WB2K28,The Hiderpaste by Hidersine Peg Paste for Violins & String Instuments - Stop you,Musical Instruments & DJ,5.08,67.5,59,3,,,,https://www.alibaba.com; https://www.globalsources.com,,,
B08L8RPP2K,"Violin Fingerboard Sticker, Removable 4/4 Violin Finger Position Marker Water Re",Musical Instruments & DJ,5.09,65.7,31,2,,,,https://www.alibaba.com; https://www.globalsources.com,,,
B0FP51KS2J,"119 Pcs Guitar Maintenance Tool Kit, Guitar Repair Tool Kit with Carry Bag, Guit",Musical Instruments & DJ,10.80,65.2,15,1,,,,https://www.alibaba.com; https://www.globalsources.com,,,
B0G4DPV3YG,"3Pcs Violin Rosin, Perfect for Professional and Beginner Musicians, Light Low Du",Musical Instruments & DJ,4.92,65.1,15,1,,,,https://www.alibaba.com; https://www.globalsources.com,,,
B0FNWSLXTH,"132 Pcs Guitar Maintenance Tool Kit, Guitar Repair Tool Kit with Carry Bag, Guit",Musical Instruments & DJ,12.00,65.0,15,1,,,,https://www.alibaba.com; https://www.globalsources.com,,,
B07RGVBY4V,Vangoa A Style Mandolin Acoustic Electric Mandolins Instrument for Beginner Red ,Musical Instruments & DJ,38.40,64.4,14,1,,,,https://www.alibaba.com; https://www.globalsources.com,,,
B0FK4X6X3C,"16 PCS Violin Strings Full Set, Universal Carbon Steel Copper Wound with Copper-",Musical Instruments & DJ,5.59,64.1,10,1,,,,https://www.alibaba.com; https://www.globalsources.com,,,
B087M27985,Vangoa Mandolin Instrument A Style Sunburst Acoustic Mandolin for Beginners with,Musical Instruments & DJ,31.20,63.8,14,1,,,,https://www.alibaba.com; https://www.globalsources.com,,,
B087BRJ1ZD,Mulucky 5 String Banjo Mini - 26 Inch Travel Banjo Sapele Body Closed Solid Back,Musical Instruments & DJ,28.80,60.2,12,1,,,,https://www.alibaba.com; https://www.globalsources.com,,,
